Case_ID,Frame_Number,X,Y,Distance_Traveled,Speed
1,1,tensor(794.8008),tensor(719.3801),0.5305120623214487,0.5305120623214487
1,2,tensor(795.1068),tensor(719.5413),0.8763708651939376,0.34585880287248894
1,3,tensor(795.1769),tensor(718.9746),1.4473369238882956,0.5709660586943581
1,4,tensor(795.1040),tensor(718.2112),2.214235100684201,0.7668981767959053
1,5,tensor(794.6780),tensor(717.9590),2.709259436367442,0.49502433568324133
1,6,tensor(794.9226),tensor(718.8073),3.5920785972932356,0.8828191609257936
1,7,tensor(793.8130),tensor(718.8823),4.704234444705777,1.1121558474125408
1,8,tensor(793.2117),tensor(719.2820),5.426252760710672,0.7220183160048957
1,9,tensor(792.3629),tensor(717.9434),7.0112753197687345,1.5850225590580624
1,10,tensor(791.0024),tensor(715.7075),9.628500627700411,2.617225307931678
1,11,tensor(789.3866),tensor(715.0229),11.383376889183308,1.7548762614828968
1,12,tensor(786.8080),tensor(714.4618),14.022343332160977,2.6389664429776687
1,13,tensor(785.1909),tensor(714.6559),15.651015254158954,1.6286719219979773
1,14,tensor(783.6976),tensor(714.4455),17.15904929298102,1.5080340388220648
1,15,tensor(781.9092),tensor(713.8719),19.037217992852675,1.8781686998716551
1,16,tensor(779.6407),tensor(713.7180),21.310867303555373,2.273649310702698
1,17,tensor(778.1556),tensor(709.2732),25.997231180816158,4.686363877260787
1,18,tensor(776.7764),tensor(703.8735),31.570264576739394,5.573033395923237
1,19,tensor(775.4082),tensor(698.4078),37.20459951323084,5.634334936491443
1,20,tensor(774.6664),tensor(689.9865),45.65859579260341,8.45399627937257
1,21,tensor(773.5205),tensor(679.7803),55.928896240462805,10.270300447859396
1,22,tensor(772.2581),tensor(667.9413),67.83500600007649,11.906109759613688
1,23,tensor(771.6980),tensor(663.0676),72.74073738188473,4.905731381808232
1,24,tensor(770.8441),tensor(661.3051),74.69925177392257,1.9585143920378403
1,25,tensor(769.9091),tensor(660.3780),76.01598270998608,1.3167309360635104
1,26,tensor(769.5322),tensor(660.3665),76.39305129589789,0.37706858591182146
1,27,tensor(767.9509),tensor(660.3688),77.97429078984935,1.5812394939514616
1,28,tensor(767.6776),tensor(659.9884),78.44271032455198,0.4684195347026396
1,29,tensor(767.9016),tensor(659.6519),78.84697049754983,0.4042601729978456
1,30,tensor(767.1920),tensor(657.8450),80.78825301251933,1.9412825149694988
1,31,tensor(767.1510),tensor(652.9407),85.69272139549713,4.904468382977803
1,32,tensor(766.1719),tensor(644.7765),93.91540936088342,8.22268796538627
1,33,tensor(765.2313),tensor(636.8080),101.9391709803324,8.023761619448996
2,1,tensor(783.7908),tensor(434.8808),3.323857778680748,3.323857778680748
2,2,tensor(783.7743),tensor(430.7216),7.483100873171718,4.159243094490971
2,3,tensor(783.9261),tensor(426.1595),12.04776129785777,4.564660424686052
2,4,tensor(783.6435),tensor(421.0608),17.154253335352387,5.106492037494616
2,5,tensor(783.2563),tensor(416.5287),21.702807741036594,4.548554405684206
2,6,tensor(783.0569),tensor(413.2037),25.03385459838875,3.3310468573521557
2,7,tensor(783.6796),tensor(410.4880),27.82002547470226,2.78617087631351
2,8,tensor(784.1013),tensor(409.0465),29.321925427387427,1.501899952685171
2,9,tensor(784.2021),tensor(409.4566),29.74420467219854,0.42227924481111107
2,10,tensor(784.5740),tensor(410.6178),30.963495960852825,1.2192912886542864
2,11,tensor(784.9275),tensor(410.2204),31.495316019736112,0.5318200588832889
2,12,tensor(785.5411),tensor(409.3920),32.526206069942276,1.0308900502061622
2,13,tensor(785.8133),tensor(407.9284),34.01489847481123,1.4886924048689538
2,14,tensor(786.2498),tensor(406.4360),35.56978414672632,1.55488567191509
2,15,tensor(786.8914),tensor(403.7213),38.35929420463394,2.789510057907618
2,16,tensor(787.4592),tensor(400.3268),41.80102736875634,3.441733164122394
2,17,tensor(787.4849),tensor(392.2682),49.859631568313446,8.05860419955711
2,18,tensor(787.2430),tensor(387.2326),54.901021079638795,5.041389511325347
2,19,tensor(786.3221),tensor(384.7942),57.50753680300995,2.6065157233711522
2,20,tensor(785.5005),tensor(383.8565),58.754239132621336,1.2467023296113897
2,21,tensor(784.9920),tensor(383.2415),59.552279521886085,0.7980403892647522
2,22,tensor(784.9034),tensor(383.1304),59.694345990499535,0.1420664686134531
2,23,tensor(784.6631),tensor(383.0309),59.95449021540517,0.2601442249056345
2,24,tensor(784.3643),tensor(383.3212),60.37109864823812,0.41660843283294885
2,25,tensor(784.0658),tensor(382.5457),61.20200465458597,0.8309060063478513
2,26,tensor(784.3882),tensor(381.5818),62.21838677364542,1.0163821190594517
2,27,tensor(784.5532),tensor(378.6489),65.15591847062211,2.937531696976692
2,28,tensor(784.7167),tensor(374.5364),69.27171419788326,4.115795727261151
2,29,tensor(784.6764),tensor(370.6131),73.19519980973591,3.923485611852655
2,30,tensor(784.7488),tensor(366.4957),77.31323720472157,4.118037394985665
2,31,tensor(784.5989),tensor(363.6754),80.13749690916353,2.8242597044419533
2,32,tensor(785.5679),tensor(360.6508),83.31356186577332,3.176064956609778
2,33,tensor(786.7213),tensor(359.6407),84.8467521191532,1.5331902533798776
3,1,tensor(471.9775),tensor(562.4323),7.192366219972116,7.192366219972116
3,2,tensor(472.5422),tensor(556.6370),13.015107493402565,5.82274127343045
3,3,tensor(473.2847),tensor(549.1369),20.551892381083615,7.53678488768105
3,4,tensor(473.5634),tensor(541.2177),28.47604498401148,7.924152602927867
3,5,tensor(473.9495),tensor(534.9591),34.74648680809503,6.270441824083548
3,6,tensor(474.1406),tensor(531.6096),38.101480405490555,3.354993597395527
3,7,tensor(474.7331),tensor(530.4370),39.41529132548305,1.3138109199924912
3,8,tensor(474.5649),tensor(529.4818),40.38511907398356,0.9698277485005108
3,9,tensor(474.9948),tensor(529.1523),40.926677270732604,0.5415581967490471
3,10,tensor(475.1862),tensor(528.6132),41.49882790946522,0.5721506387326136
3,11,tensor(475.2557),tensor(527.9155),42.19997571108078,0.7011478016155588
3,12,tensor(475.1796),tensor(524.8666),45.24981471844822,3.0498390073674386
3,13,tensor(474.4495),tensor(521.3790),48.81295342273434,3.5631387042861187
3,14,tensor(474.0334),tensor(517.3898),52.823799581562966,4.010846158828625
3,15,tensor(473.7726),tensor(513.0453),57.17616218752158,4.352362605958608
3,16,tensor(473.6857),tensor(506.9642),63.25783795712866,6.081675769607089
3,17,tensor(473.1450),tensor(495.7618),74.473269347109,11.215431389980335
3,18,tensor(473.4082),tensor(489.9763),80.26477482928127,5.791505482172271
3,19,tensor(473.4450),tensor(488.2281),82.01339217269575,1.748617343414476
3,20,tensor(473.5359),tensor(487.7203),82.52921822602319,0.5158260533274439
3,21,tensor(473.4352),tensor(487.5110),82.76151894679751,0.23230072077431713
3,22,tensor(473.1676),tensor(487.2563),83.13096164816362,0.3694427013661091
3,23,tensor(472.9717),tensor(486.0816),84.32192615445076,1.1909645062871435
3,24,tensor(472.8699),tensor(484.2488),86.15757279118029,1.8356466367295177
3,25,tensor(473.1624),tensor(481.4027),89.0186250084785,2.8610522172982114
3,26,tensor(473.3420),tensor(479.0710),91.35720351946387,2.3385785109853763
3,27,tensor(474.5084),tensor(470.1953),100.30920823931707,8.952004719853212
3,28,tensor(475.0244),tensor(460.9534),109.56557513308532,9.256366893768242
3,29,tensor(475.0995),tensor(456.1849),114.334661633398,4.769086500312676
3,30,tensor(475.4844),tensor(452.8288),117.71273881930532,3.378077185907321
3,31,tensor(475.5728),tensor(450.8478),119.69566498975134,1.982926170446023
3,32,tensor(475.9130),tensor(450.0687),120.54586227858734,0.8501972888360078
3,33,tensor(476.0693),tensor(449.8130),120.84553459047656,0.2996723118892281
4,1,tensor(989.7057),tensor(323.1426),2.9113405877167384,2.9113405877167384
4,2,tensor(990.7070),tensor(323.3514),3.9342339410214113,1.022893353304673
4,3,tensor(991.6104),tensor(323.1284),4.864685561579831,0.9304516205584198
4,4,tensor(992.2443),tensor(323.3311),5.530205909115883,0.6655203475360517
4,5,tensor(993.5955),tensor(323.3373),6.881416822771129,1.351210913655247
4,6,tensor(995.0157),tensor(326.1429),10.026035495058188,3.1446186722870584
4,7,tensor(996.3701),tensor(332.0476),16.08405164236835,6.058016147310163
4,8,tensor(997.0085),tensor(336.9384),21.016261935047407,4.932210292679055
4,9,tensor(998.0605),tensor(338.4575),22.864067412921855,1.8478054778744473
4,10,tensor(999.2827),tensor(340.2278),25.015371532317914,2.151304119396058
4,11,tensor(1000.3875),tensor(344.5963),29.521363747190094,4.505992214872178
4,12,tensor(1002.2273),tensor(347.0016),32.549624854419314,3.028261107229218
4,13,tensor(1002.9648),tensor(347.4134),33.394335360309015,0.8447105058897015
4,14,tensor(1004.3189),tensor(348.1228),34.923009071573766,1.5286737112647493
4,15,tensor(1005.4871),tensor(348.5185),36.156416003768236,1.2334069321944685
4,16,tensor(1006.5872),tensor(347.3589),37.75484456690364,1.5984285631354145
4,17,tensor(1008.2314),tensor(351.8051),42.49535330060279,4.740508733699148
4,18,tensor(1009.0359),tensor(356.6494),47.40600124031035,4.910647939707565
4,19,tensor(1010.1461),tensor(363.0181),53.87069045778551,6.464689217475153
4,20,tensor(1010.6348),tensor(365.6135),56.51169907362967,2.6410086158441644
4,21,tensor(1011.1749),tensor(367.4554),58.4311712710291,1.9194721973994318
4,22,tensor(1012.8029),tensor(371.7570),63.03054352449031,4.59937225346121
4,23,tensor(1014.1084),tensor(374.4165),65.99316690761617,2.9626233831258646
4,24,tensor(1015.4615),tensor(375.3412),67.63210184176877,1.6389349341525905
4,25,tensor(1016.9933),tensor(375.3293),69.16388588897398,1.5317840472052113
4,26,tensor(1018.1392),tensor(375.2647),70.31158145831196,1.1476955693379902
4,27,tensor(1019.6006),tensor(375.0338),71.7911301000512,1.4795486417392372
4,28,tensor(1020.7355),tensor(376.8992),73.97462239504426,2.1834922949930524
4,29,tensor(1021.6940),tensor(382.2848),79.44482151348834,5.47019911844407
4,30,tensor(1022.7873),tensor(387.3476),84.62429141159836,5.179469898110034
4,31,tensor(1024.5581),tensor(391.2181),88.88071351144993,4.256422099851556
4,32,tensor(1026.7190),tensor(397.3204),95.35430935655634,6.473595845106421
4,33,tensor(1027.4545),tensor(402.9050),100.98712567918858,5.632816322632232
5,1,tensor(975.2627),tensor(592.4491),2.917723098944732,2.917723098944732
5,2,tensor(972.9609),tensor(592.3279),5.222667243467771,2.3049441445230388
5,3,tensor(971.1962),tensor(591.7761),7.071717364556415,1.8490501210886436
5,4,tensor(969.7408),tensor(591.5350),8.546873877847677,1.4751565132912625
5,5,tensor(968.2359),tensor(591.4348),10.055146979133585,1.5082731012859079
5,6,tensor(969.6431),tensor(592.0781),11.602390748248597,1.547243769115011
5,7,tensor(965.4573),tensor(591.4847),15.83003202295594,4.227641274707344
5,8,tensor(963.3333),tensor(591.2815),17.963757622614885,2.1337255996589466
5,9,tensor(963.3772),tensor(590.6667),18.58013331668845,0.616375694073565
5,10,tensor(961.0328),tensor(590.8476),20.93152427024385,2.351390953555402
5,11,tensor(959.5027),tensor(591.1787),22.497031870342195,1.5655076000983423
5,12,tensor(955.9426),tensor(590.8640),26.07097249099121,3.573940620649017
5,13,tensor(953.5617),tensor(590.2285),28.53524515591296,2.4642726649217503
5,14,tensor(951.4370),tensor(589.8231),30.698269338352098,2.1630241824391376
5,15,tensor(948.4961),tensor(589.0372),33.74238160689577,3.044112268543668
5,16,tensor(946.2327),tensor(589.4301),36.039643986579186,2.2972623796834144
5,17,tensor(940.4734),tensor(589.2982),41.8003690454228,5.760725058843611
5,18,tensor(935.5555),tensor(589.2643),46.718393422575055,4.918024377152259
5,19,tensor(927.8578),tensor(588.6978),54.43697092746011,7.718577504885057
5,20,tensor(921.9694),tensor(587.6599),60.41609945758965,5.979128530129541
5,21,tensor(917.4125),tensor(587.3086),64.98650680888989,4.570407351300227
5,22,tensor(913.2833),tensor(586.3628),69.22265200430228,4.236145195412397
5,23,tensor(910.7482),tensor(585.4195),71.92755856577084,2.7049065614685572
5,24,tensor(909.0796),tensor(585.0541),73.63574176464058,1.7081831988697518
5,25,tensor(907.5806),tensor(584.5563),75.21524107306573,1.5794993084251367
5,26,tensor(906.1719),tensor(584.7601),76.63859782570444,1.4233567526387125
5,27,tensor(902.8549),tensor(582.6620),80.56340974299351,3.9248119172890794
5,28,tensor(900.2173),tensor(579.9042),84.37951496216904,3.816105219175529
5,29,tensor(898.2544),tensor(579.6140),86.36380529548487,1.9842903333158328
5,30,tensor(895.0933),tensor(577.7468),90.03511786965218,3.671312574167323
5,31,tensor(892.5559),tensor(583.4989),96.32199639997593,6.286878530323753
5,32,tensor(887.7003),tensor(594.3927),108.2489245510952,11.926928151119242
5,33,tensor(882.6097),tensor(600.2458),116.00607118017227,7.757146629077067
6,1,tensor(1002.7224),tensor(432.8943),4.847691638027377,4.847691638027377
6,2,tensor(1003.4152),tensor(433.8893),6.06004267508759,1.212351037060214
6,3,tensor(1004.7768),tensor(433.8829),7.421691057424963,1.3616483823373722
6,4,tensor(1005.4594),tensor(433.8746),8.104296942631056,0.6826058852060931
6,5,tensor(1005.9037),tensor(433.7147),8.576542714735655,0.47224577210460067
6,6,tensor(1006.3751),tensor(433.0551),9.387278506113677,0.8107357913780218
6,7,tensor(1008.2399),tensor(433.4939),11.302952645419472,1.9156741393057952
6,8,tensor(1008.6945),tensor(438.6987),16.527545344818105,5.224592699398631
6,9,tensor(1009.9311),tensor(445.9393),23.87300991455846,7.345464569740354
6,10,tensor(1010.6256),tensor(450.5111),28.49724009718043,4.624230182621972
6,11,tensor(1011.3756),tensor(454.4485),32.505412369075714,4.008172271895287
6,12,tensor(1013.0461),tensor(458.7236),37.095324617642724,4.589912248567008
6,13,tensor(1015.0368),tensor(461.5942),40.58861954462971,3.493294926986985
6,14,tensor(1016.1525),tensor(462.7968),42.22903489687394,1.6404153522442364
6,15,tensor(1017.0948),tensor(463.3114),43.30277460872227,1.0737397118483267
6,16,tensor(1017.9971),tensor(463.3763),44.20732392346367,0.9045493147413975
6,17,tensor(1019.9938),tensor(463.5333),46.2101967358749,2.0028728124112365
6,18,tensor(1021.4619),tensor(462.7123),47.89230811131267,1.6821113754377677
6,19,tensor(1022.8384),tensor(461.9695),49.45642110342029,1.5641129921076138
6,20,tensor(1023.7015),tensor(465.1079),52.711382303399944,3.254961199979655
6,21,tensor(1024.4226),tensor(472.1741),59.814240034144404,7.102857730744457
6,22,tensor(1025.6528),tensor(480.2322),67.96571329577083,8.151473261626425
6,23,tensor(1026.2709),tensor(484.6063),72.38330594648268,4.417592650711852
6,24,tensor(1026.6240),tensor(487.3509),75.15050079103062,2.7671948445479524
6,25,tensor(1027.6807),tensor(491.2155),79.15694215163118,4.006441360600557
6,26,tensor(1028.5217),tensor(494.0638),82.12682192920052,2.9698797775693278
6,27,tensor(1030.3427),tensor(495.5800),84.49636400999806,2.369542080797546
6,28,tensor(1031.4868),tensor(495.6630),85.6435339486233,1.147169938625243
6,29,tensor(1032.4811),tensor(495.1908),86.74422905526303,1.1006951066397315
6,30,tensor(1033.5255),tensor(494.8359),87.84730022916577,1.1030711739027395
6,31,tensor(1034.3894),tensor(494.9585),88.7198463823671,0.872546153201331
6,32,tensor(1035.7428),tensor(499.8597),93.80448783140692,5.084641449039819
6,33,tensor(1036.5605),tensor(507.2616),101.2514086460748,7.446920814667876
7,1,tensor(196.1415),tensor(407.7337),1.4153941800931715,1.4153941800931715
7,2,tensor(194.7500),tensor(407.0478),2.9668005745303048,1.5514063944371332
7,3,tensor(193.6369),tensor(407.1332),4.083160863977614,1.11636028944731
7,4,tensor(193.0306),tensor(406.7087),4.823307210107259,0.7401463461296455
7,5,tensor(192.3756),tensor(407.0631),5.56801066369208,0.7447034535848205
7,6,tensor(191.8367),tensor(409.6374),8.19808499135913,2.6300743276670495
7,7,tensor(191.3374),tensor(418.0574),16.632921629079807,8.434836637720677
7,8,tensor(191.3483),tensor(423.3302),21.905698903547872,5.272777274468065
7,9,tensor(191.5701),tensor(426.1129),24.69721496636651,2.791516062818637
7,10,tensor(191.5845),tensor(428.7366),27.320941749665135,2.6237267832986264
7,11,tensor(191.4586),tensor(431.4727),30.059947116723503,2.7390053670583696
7,12,tensor(190.8926),tensor(435.5378),34.164260763001046,4.104313646277543
7,13,tensor(190.4503),tensor(437.3097),35.99053904175052,1.826278278749475
7,14,tensor(189.4277),tensor(437.9856),37.216295972525494,1.2257569307749718
7,15,tensor(188.1771),tensor(438.0644),38.469450955175994,1.253154982650499
7,16,tensor(187.1923),tensor(437.7754),39.495791517939644,1.026340562763654
7,17,tensor(185.4698),tensor(437.3487),41.270269924209266,1.7744784062696224
7,18,tensor(184.2904),tensor(438.6520),43.02806118264121,1.7577912584319442
7,19,tensor(183.1721),tensor(442.5909),47.12264656732228,4.094585384681071
7,20,tensor(182.3391),tensor(447.9293),52.525626426842486,5.402979859520205
7,21,tensor(181.8531),tensor(452.6721),57.29325897396667,4.767632547124184
7,22,tensor(181.2258),tensor(457.3415),62.00457846563639,4.711319491669721
7,23,tensor(180.4090),tensor(460.6370),65.3997511822196,3.3951727165832044
7,24,tensor(179.7562),tensor(463.2618),68.10452724431217,2.7047760620925656
7,25,tensor(179.3236),tensor(467.0457),71.91311651852034,3.8085892742081775
7,26,tensor(178.8840),tensor(469.5099),74.41624371578769,2.5031271972673395
7,27,tensor(177.9245),tensor(470.6163),75.88070813022321,1.4644644144355186
7,28,tensor(177.3326),tensor(471.1209),76.65852051122368,0.777812381000479
7,29,tensor(177.2658),tensor(471.5243),77.06739847403591,0.4088779628122283
7,30,tensor(177.1448),tensor(471.3134),77.31049074614728,0.24309227211137388
7,31,tensor(177.2900),tensor(471.3979),77.47847500719337,0.1679842610460817
7,32,tensor(176.9445),tensor(475.8165),81.9105416601737,4.432066652980343
7,33,tensor(176.6766),tensor(480.7311),86.832452211283,4.9219105511092875
8,1,tensor(59.4438),tensor(660.2675),3.763712834891047,3.763712834891047
8,2,tensor(60.4700),tensor(660.5767),4.835526632880337,1.07181379798929
8,3,tensor(61.2215),tensor(660.7701),5.611469452482789,0.7759428196024515
8,4,tensor(61.6295),tensor(660.8130),6.021720404909061,0.41025095242627263
8,5,tensor(62.0699),tensor(660.1611),6.808484003388734,0.7867635984796727
8,6,tensor(62.3254),tensor(660.2263),7.072139805947928,0.2636558025591946
8,7,tensor(62.6714),tensor(660.0361),7.466975121361912,0.39483531541398426
8,8,tensor(63.2951),tensor(659.7526),8.152132619235752,0.6851574978738397
8,9,tensor(64.3412),tensor(658.8921),9.50662057432665,1.3544879550908968
8,10,tensor(65.8635),tensor(658.8690),11.029180027126486,1.5225594527998367
8,11,tensor(68.3012),tensor(658.7218),13.471319683327039,2.4421396562005517
8,12,tensor(72.7830),tensor(658.1096),17.99473269946908,4.523413016142039
8,13,tensor(76.2644),tensor(657.9526),21.479654501649726,3.4849218021806463
8,14,tensor(78.6412),tensor(657.5813),23.885310633359996,2.405656131710271
8,15,tensor(80.4312),tensor(657.2608),25.70374717573899,1.8184365423789925
8,16,tensor(81.3828),tensor(657.5281),26.69215512107254,0.9884079453335497
8,17,tensor(82.0167),tensor(659.3191),28.591994768479307,1.8998396474067676
8,18,tensor(83.8989),tensor(662.1650),32.0040260061922,3.4120312377128914
8,19,tensor(83.9259),tensor(664.3018),34.1409152470602,2.1368892408680003
8,20,tensor(84.5302),tensor(665.9586),35.904501930922244,1.7635866838620446
8,21,tensor(85.4740),tensor(666.5848),37.03712384365669,1.1326219127344397
8,22,tensor(86.9504),tensor(667.4635),38.75528598634604,1.7181621426893532
8,23,tensor(88.0037),tensor(667.5312),39.810761523087315,1.055475536741275
8,24,tensor(88.5006),tensor(667.4451),40.31499198482291,0.5042304617356032
8,25,tensor(89.0932),tensor(667.5199),40.912295708506804,0.5973037236838915
8,26,tensor(89.6368),tensor(667.1866),41.55000671554727,0.6377110070404688
8,27,tensor(90.3205),tensor(667.4047),42.26763048518263,0.7176237696353619
8,28,tensor(90.6580),tensor(668.3358),43.258000696317346,0.990370211134719
8,29,tensor(91.7268),tensor(670.6364),45.79478454006168,2.536783843744331
8,30,tensor(92.1920),tensor(673.9858),49.17637090379961,3.3815863637379304
8,31,tensor(92.8032),tensor(677.0054),52.257195863383146,3.080824959583534
8,32,tensor(94.2708),tensor(683.3047),58.725142032463694,6.467946169080546
8,33,tensor(96.0926),tensor(688.2861),64.02921079178807,5.304068759324375
9,1,tensor(525.8317),tensor(412.6997),4.334879783223928,4.334879783223928
9,2,tensor(527.0144),tensor(407.7967),9.378502521643249,5.04362273841932
9,3,tensor(527.5753),tensor(399.0098),18.183309634183757,8.804807112540507
9,4,tensor(527.3437),tensor(394.0903),23.108220861345934,4.924911227162176
9,5,tensor(526.6477),tensor(391.9094),25.397548358429134,2.289327497083201
9,6,tensor(526.3517),tensor(389.2701),28.053379454808248,2.6558310963791123
9,7,tensor(525.5593),tensor(386.7639),30.68178954913398,2.628410094325732
9,8,tensor(524.9054),tensor(385.5767),32.0372237190668,1.3554341699328272
9,9,tensor(524.5848),tensor(385.0507),32.65326334997636,0.6160396309095618
9,10,tensor(524.4859),tensor(385.0187),32.757174735529055,0.10391138555269151
9,11,tensor(524.3288),tensor(384.8965),32.956204381267796,0.19902964573874113
9,12,tensor(524.1683),tensor(383.6629),34.20021650998365,1.244012128715849
9,13,tensor(524.0806),tensor(381.7679),36.0972313407534,1.8970148307697552
9,14,tensor(523.9323),tensor(379.2386),38.630907056816056,2.5336757160626506
9,15,tensor(523.7344),tensor(375.2485),42.6258618795379,3.9949548227218417
9,16,tensor(523.5422),tensor(371.3466),46.53256713903446,3.906705259496566
9,17,tensor(523.1562),tensor(363.6598),54.228992231548595,7.6964250925141355
9,18,tensor(522.7179),tensor(359.5243),58.38768164792536,4.158689416376767
9,19,tensor(522.6843),tensor(357.1742),60.73804956247321,2.3503679145478484
9,20,tensor(522.6600),tensor(355.2825),62.629899427596214,1.891849865123007
9,21,tensor(522.7352),tensor(355.0688),62.85641954472951,0.22652011713330011
9,22,tensor(522.6924),tensor(355.1833),62.9787041504884,0.12228460575888288
9,23,tensor(522.6429),tensor(354.8155),63.34987031745783,0.3711661669694303
9,24,tensor(522.7092),tensor(354.1955),63.973422474569105,0.6235521571112741
9,25,tensor(522.7133),tensor(353.2545),64.91444088159014,0.9410184070210328
9,26,tensor(523.0955),tensor(352.3650),65.88257380053389,0.9681329189437495
9,27,tensor(523.7994),tensor(343.4566),74.81867165758872,8.936097857054838
9,28,tensor(524.0278),tensor(339.6544),78.62773703208146,3.8090653744927394
9,29,tensor(524.2314),tensor(337.3281),80.96296051898949,2.335223486908032
9,30,tensor(524.2527),tensor(335.2744),83.01681180665925,2.053851287669757
9,31,tensor(524.1989),tensor(332.7393),85.55244802111363,2.5356362144543914
9,32,tensor(524.2834),tensor(330.4006),87.89263108281875,2.3401830617051074
9,33,tensor(524.4048),tensor(329.3145),88.98556906831114,1.0929379854923797
10,1,tensor(636.4009),tensor(208.2001),3.693119422577096,3.693119422577096
10,2,tensor(636.6908),tensor(209.6358),5.157756509490167,1.4646370869130714
10,3,tensor(636.5834),tensor(211.0253),6.551485141141396,1.3937286316512287
10,4,tensor(636.5248),tensor(212.1292),7.656905716164527,1.1054205750231312
10,5,tensor(636.4114),tensor(214.1017),9.632654855401352,1.975749139236825
10,6,tensor(635.9127),tensor(215.5713),11.184541302446886,1.5518864470455342
10,7,tensor(636.3486),tensor(216.2337),11.977493271946926,0.7929519695000403
10,8,tensor(636.2823),tensor(216.7822),12.53001396237607,0.5525206904291446
10,9,tensor(635.8400),tensor(216.9312),12.996743577542183,0.46672961516611267
10,10,tensor(635.4587),tensor(216.3753),13.670760655599016,0.6740170780568323
10,11,tensor(635.0035),tensor(215.7633),14.433461952046077,0.7627012964470602
10,12,tensor(634.5232),tensor(217.5564),16.289703860971354,1.8562419089252769
10,13,tensor(634.5094),tensor(220.5457),19.27903927529701,2.9893354143256543
10,14,tensor(634.6928),tensor(223.0698),21.809833458325638,2.5307941830286302
10,15,tensor(634.6904),tensor(224.5450),23.28500932902763,1.475175870701994
10,16,tensor(635.0551),tensor(225.4238),24.236520354453948,0.9515110254263152
10,17,tensor(635.4580),tensor(227.7050),26.55298020826084,2.3164598538068946
10,18,tensor(635.6578),tensor(229.6380),28.496325893433465,1.9433456851726245
10,19,tensor(636.0421),tensor(230.4516),29.396096410513746,0.899770517080281
10,20,tensor(636.2638),tensor(230.8174),29.82379774339609,0.42770133288234174
10,21,tensor(636.5282),tensor(230.7759),30.091439680393957,0.2676419369978702
10,22,tensor(637.3479),tensor(230.3575),31.011733810423408,0.9202941300294494
10,23,tensor(637.5073),tensor(229.7653),31.625040721014912,0.6133069105915033
10,24,tensor(637.4326),tensor(229.5780),31.826677343458396,0.201636622443485
10,25,tensor(637.1786),tensor(230.5443),32.82580356006505,0.9991262166066511
10,26,tensor(636.9963),tensor(233.5759),35.86287776915598,3.03707420909093
10,27,tensor(636.5848),tensor(237.5351),39.8434332436128,3.98055547445682
10,28,tensor(636.0750),tensor(239.5692),41.94039573821694,2.0969624946041403
10,29,tensor(635.7048),tensor(241.2054),43.61802400998596,1.6776282717690136
10,30,tensor(635.4038),tensor(244.4329),46.85947950313919,3.2414554931532327
10,31,tensor(635.5135),tensor(245.7451),48.17631608139864,1.3168365782594469
10,32,tensor(634.7505),tensor(247.5138),50.10257680159642,1.9262607201977866
10,33,tensor(634.3541),tensor(247.6556),50.5235249168436,0.4209481152471816
11,1,tensor(1214.9663),tensor(184.1655),1.4233274642510674,1.4233274642510674
11,2,tensor(1214.9832),tensor(185.2785),2.5364615312425824,1.1131340669915153
11,3,tensor(1215.1865),tensor(187.0753),4.344747855809593,1.8082863245670107
11,4,tensor(1215.5226),tensor(188.5967),5.90278485695003,1.5580370011404363
11,5,tensor(1215.7275),tensor(190.0401),7.36069895412334,1.45791409717331
11,6,tensor(1215.9951),tensor(191.0492),8.404666977920492,1.0439680237971525
11,7,tensor(1216.9316),tensor(191.2256),9.357654261821462,0.9529872839009708
11,8,tensor(1217.6957),tensor(190.7578),10.253514845614278,0.895860583792816
11,9,tensor(1218.1982),tensor(190.9434),10.78923649983114,0.535721654216863
11,10,tensor(1218.5966),tensor(190.5772),11.330314712543283,0.5410782127121426
11,11,tensor(1219.1165),tensor(190.2826),11.927879251812897,0.597564539269614
11,12,tensor(1219.7538),tensor(192.6576),14.386950382044407,2.4590711302315107
11,13,tensor(1220.2659),tensor(196.2148),17.980750190450223,3.5937998084058163
11,14,tensor(1220.8322),tensor(198.6823),20.51248473792917,2.531734547478949
11,15,tensor(1221.0088),tensor(201.0418),22.87858418855068,2.3660994506215074
11,16,tensor(1221.3036),tensor(202.4814),24.34806420999742,1.4694800214467405
11,17,tensor(1221.4288),tensor(204.9402),26.810053198155043,2.46198898815762
11,18,tensor(1221.1833),tensor(206.8416),28.72721706855439,1.917163870399347
11,19,tensor(1221.4304),tensor(207.8586),29.77376720664108,1.046550138086692
11,20,tensor(1221.4207),tensor(208.1465),30.061820365379038,0.2880531587379602
11,21,tensor(1221.2983),tensor(208.0733),30.20433998090575,0.14251961552671158
11,22,tensor(1222.0039),tensor(207.7311),30.988535231669843,0.7841952507640911
11,23,tensor(1222.4094),tensor(206.8993),31.913935183408707,0.925399951738865
11,24,tensor(1223.0229),tensor(206.8226),32.53222948651069,0.6182943031019746
11,25,tensor(1224.0354),tensor(206.3918),33.63253558455726,1.1003060980465733
11,26,tensor(1224.4231),tensor(207.8461),35.13759610487208,1.5050605203148177
11,27,tensor(1225.4045),tensor(212.5099),39.90363725436901,4.76604114949693
11,28,tensor(1225.9215),tensor(215.0157),42.46217747447006,2.558540220101052
11,29,tensor(1226.4591),tensor(216.4281),43.97341534365301,1.5112378691829487
11,30,tensor(1226.7114),tensor(218.2909),45.85324948221513,1.8798341385621262
11,31,tensor(1227.2440),tensor(219.7705),47.42572766929504,1.5724781870799072
11,32,tensor(1228.0316),tensor(224.2992),52.02246593944265,4.596738270147606
11,33,tensor(1228.8456),tensor(226.7456),54.600676087425875,2.5782101479832296
12,1,tensor(80.1330),tensor(166.9943),0.602195263941791,0.602195263941791
12,2,tensor(80.1972),tensor(166.8227),0.7853747999271027,0.18317953598531164
12,3,tensor(80.1734),tensor(166.7266),0.8844547235687558,0.09907992364165312
12,4,tensor(80.1125),tensor(166.6428),0.9879800234687108,0.10352529989995508
12,5,tensor(80.0350),tensor(166.5231),1.1306157639045618,0.1426357404358509
12,6,tensor(80.1493),tensor(165.9837),1.6820792619537777,0.551463498049216
12,7,tensor(79.8147),tensor(165.4854),2.282247622946138,0.6001683609923604
12,8,tensor(79.6773),tensor(165.4061),2.440927192372624,0.15867956942648553
12,9,tensor(79.4350),tensor(165.2559),2.725966732700859,0.28503954032823525
12,10,tensor(79.4350),tensor(165.2418),2.7400963796118187,0.014129646910959564
12,11,tensor(79.2739),tensor(165.1604),2.9205637189372426,0.18046733932542403
12,12,tensor(78.8862),tensor(164.5805),3.6181377673270316,0.6975740483897891
12,13,tensor(78.5597),tensor(164.3619),4.011103415337397,0.39296564801036493
12,14,tensor(78.0283),tensor(164.2045),4.565310500794372,0.5542070854569754
12,15,tensor(77.4914),tensor(163.8051),5.234462251277662,0.6691517504832902
12,16,tensor(77.3949),tensor(163.5197),5.535691358012809,0.3012291067351461
12,17,tensor(76.3610),tensor(163.3798),6.5790312493523055,1.0433398913394971
12,18,tensor(76.0360),tensor(163.1986),6.951141803058381,0.3721105537060755
12,19,tensor(75.4077),tensor(163.0322),7.6011206417557995,0.649978838697418
12,20,tensor(75.1063),tensor(162.9194),7.922905331174352,0.3217846894185527
12,21,tensor(74.9614),tensor(162.7992),8.111127889497798,0.1882225583234459
12,22,tensor(74.7492),tensor(162.4112),8.55337739178125,0.4422495022834531
12,23,tensor(74.6727),tensor(162.3083),8.681607276431869,0.1282298846506191
12,24,tensor(74.6097),tensor(162.2280),8.783717258722955,0.10210998229108517
12,25,tensor(74.4637),tensor(162.0722),8.99721057862653,0.213493319903576
12,26,tensor(74.4885),tensor(162.0239),9.0515391922712,0.05432861364466878
12,27,tensor(74.8741),tensor(161.6800),9.568182380628791,0.5166431883575917
12,28,tensor(74.9355),tensor(161.6749),9.629820232604986,0.06163785197619468
12,29,tensor(74.9655),tensor(161.8125),9.770707256380724,0.14088702377573792
12,30,tensor(75.0030),tensor(161.8212),9.809127960824094,0.038420704443369855
12,31,tensor(75.0697),tensor(161.7448),9.91053223969862,0.10140427887452655
12,32,tensor(75.0710),tensor(161.6523),10.003070519611233,0.09253827991261365
12,33,tensor(75.0116),tensor(161.6566),10.062611364983148,0.05954084537191452
13,1,tensor(157.4195),tensor(103.0246),4.386714329176203,4.386714329176203
13,2,tensor(158.7487),tensor(101.6567),6.29406268771195,1.907348358535747
13,3,tensor(159.5948),tensor(100.1959),7.98223070734568,1.6881680196337299
13,4,tensor(160.1887),tensor(98.8433),9.459407400159268,1.4771766928135883
13,5,tensor(161.3513),tensor(97.8521),10.987245572237365,1.5278381720780974
13,6,tensor(163.1082),tensor(97.7242),12.74870050527811,1.7614549330407463
13,7,tensor(166.7251),tensor(96.2243),16.6642481389422,3.915547633664088
13,8,tensor(169.4332),tensor(96.1215),19.374347405229273,2.7100992662870746
13,9,tensor(172.2016),tensor(96.2513),22.145825473481516,2.7714780682522435
13,10,tensor(174.8953),tensor(95.4422),24.958369073154774,2.8125435996732597
13,11,tensor(176.8556),tensor(94.5421),27.11545362557213,2.157084552417355
13,12,tensor(179.2756),tensor(93.5331),29.73741135204887,2.621957726476741
13,13,tensor(180.9217),tensor(92.2922),31.798808203029807,2.0613968509809384
13,14,tensor(181.8086),tensor(88.5197),35.674176960682736,3.875368757652926
13,15,tensor(182.4961),tensor(87.0396),37.3061103227939,1.631933362111161
13,16,tensor(183.1395),tensor(85.9360),38.58354608091514,1.2774357581212414
13,17,tensor(184.1423),tensor(83.8602),40.88891327485671,2.3053671939415676
13,18,tensor(186.1021),tensor(82.4598),43.297593801174344,2.4086805263176325
13,19,tensor(188.4389),tensor(81.0053),46.050128514847,2.752534713672658
13,20,tensor(191.6360),tensor(79.9969),49.40249426127656,3.3523657464295544
13,21,tensor(195.1965),tensor(79.4961),52.99799541508133,3.5955011538047668
13,22,tensor(198.6432),tensor(78.2751),56.654648429957696,3.656653014876367
13,23,tensor(200.3802),tensor(78.0220),58.41000966648106,1.7553612365233668
13,24,tensor(201.5876),tensor(77.4385),59.750962927148656,1.3409532606675973
13,25,tensor(203.2104),tensor(76.6510),61.55477933319421,1.803816406045559
13,26,tensor(204.0463),tensor(75.6472),62.86104238581897,1.3062630526247583
13,27,tensor(204.4907),tensor(73.6642),64.89326261085453,2.032220225035571
13,28,tensor(203.8202),tensor(71.7674),66.90512983032897,2.011867219474434
13,29,tensor(203.6494),tensor(70.3996),68.28354192305773,1.3784120927287469
13,30,tensor(202.5836),tensor(69.3818),69.75722023259357,1.473678309535846
13,31,tensor(204.4659),tensor(68.9736),71.68326945249287,1.9260492198992911
13,32,tensor(209.9798),tensor(68.6029),77.20960029661266,5.526330844119805
13,33,tensor(213.9946),tensor(68.6546),81.2246580550963,4.0150577584836356
14,1,tensor(491.4863),tensor(251.2388),7.0699672773419735,7.0699672773419735
14,2,tensor(492.2223),tensor(248.5901),9.818990281538404,2.749023004196431
14,3,tensor(492.3657),tensor(247.0610),11.354883803561988,1.5358935220235836
14,4,tensor(492.5927),tensor(246.2181),12.227817380915546,0.872933577353558
14,5,tensor(492.9146),tensor(245.9674),12.635753337201164,0.40793595628561746
14,6,tensor(492.9467),tensor(245.8273),12.779446138047577,0.1436928008464125
14,7,tensor(493.0598),tensor(245.1630),13.453301563322285,0.6738554252747072
14,8,tensor(493.0292),tensor(244.6752),13.94211105103549,0.48880948771320576
14,9,tensor(492.8943),tensor(244.1558),14.478705548848483,0.5365944978129943
14,10,tensor(492.6346),tensor(241.9027),16.746763176350292,2.268057627501811
14,11,tensor(492.6035),tensor(240.2973),18.352442719203236,1.6056795428529436
14,12,tensor(492.3751),tensor(235.0317),23.622972880029216,5.270530160825979
14,13,tensor(492.2075),tensor(231.0356),27.62256459906991,3.9995917190406924
14,14,tensor(491.6303),tensor(227.5890),31.11723815476831,3.4946735556984
14,15,tensor(491.1089),tensor(225.3724),33.39425840339682,2.277020248628511
14,16,tensor(490.5695),tensor(223.6936),35.15761618873709,1.7633577853402649
14,17,tensor(488.7170),tensor(222.9767),37.14403853865071,1.9864223499136247
14,18,tensor(487.4977),tensor(222.3130),38.53222990165468,1.3881913630039684
14,19,tensor(486.5607),tensor(221.1788),40.00338561922537,1.4711557175706858
14,20,tensor(485.8963),tensor(220.2448),41.1496232617158,1.1462376424904344
14,21,tensor(485.5165),tensor(219.0447),42.40836494748098,1.2587416857651825
14,22,tensor(485.4849),tensor(216.6447),44.808521309897415,2.4001563624164293
14,23,tensor(485.0104),tensor(213.8647),47.628817290446506,2.820295980549087
14,24,tensor(484.5625),tensor(210.5986),50.92540919097491,3.2965919005284134
14,25,tensor(484.4893),tensor(207.5638),53.96115919340497,3.0357500024300537
14,26,tensor(484.6233),tensor(205.3893),56.139711329848105,2.1785521364431366
14,27,tensor(485.4952),tensor(203.8483),57.910318954202666,1.7706076243545619
14,28,tensor(486.1977),tensor(203.1060),58.93230707507828,1.0219881208756114
14,29,tensor(486.4336),tensor(202.5537),59.53285572430565,0.6005486492273695
14,30,tensor(486.7241),tensor(202.5070),59.827120866483234,0.29426514217758615
14,31,tensor(487.1182),tensor(202.5228),60.22148080032518,0.39435993384194673
14,32,tensor(487.6332),tensor(202.1902),60.83462290761875,0.6131421072935712
14,33,tensor(488.0382),tensor(201.8622),61.35574208410753,0.5211191764887834
15,1,tensor(819.8407),tensor(172.6639),5.427209890577758,5.427209890577758
15,2,tensor(819.4008),tensor(170.9718),7.175544861233249,1.7483349706554914
15,3,tensor(819.0154),tensor(170.0133),8.208618367182888,1.0330735059496396
15,4,tensor(819.1755),tensor(168.9601),9.273854584697036,1.065236217514147
15,5,tensor(819.2734),tensor(166.7999),11.436276660902788,2.1624220762057527
15,6,tensor(819.4073),tensor(166.1065),12.142542333644956,0.7062656727421677
15,7,tensor(819.7769),tensor(167.3179),13.409115180075474,1.2665728464305186
15,8,tensor(819.8724),tensor(166.3444),14.38728568174091,0.9781705016654345
15,9,tensor(819.7097),tensor(166.2291),14.586661912754266,0.19937623101335722
15,10,tensor(819.5922),tensor(164.6453),16.1748761077142,1.5882141949599358
15,11,tensor(819.4122),tensor(160.3201),20.5038302365224,4.328954128808199
15,12,tensor(819.5242),tensor(156.0056),24.819735238993772,4.3159050024713705
15,13,tensor(819.4141),tensor(153.9749),26.85340358434071,2.033668345346938
15,14,tensor(819.0778),tensor(152.2179),28.64227340787257,1.7888698235318574
15,15,tensor(818.8077),tensor(150.5693),30.312845207095016,1.6705717992224465
15,16,tensor(818.8257),tensor(149.8122),31.070198931990458,0.7573537248954471
15,17,tensor(818.7693),tensor(149.0378),31.846618152526716,0.7764192205362571
15,18,tensor(818.1624),tensor(148.7601),32.51403298003641,0.6674148275096944
15,19,tensor(817.9548),tensor(148.6662),32.74192051965189,0.22788753961547908
15,20,tensor(817.5088),tensor(148.4005),33.26101421816668,0.5190936985147891
15,21,tensor(816.8742),tensor(148.3149),33.90135452692027,0.6403403087535903
15,22,tensor(816.4924),tensor(148.9196),34.61647880943678,0.7151242825165061
15,23,tensor(815.8785),tensor(148.6793),35.27570218083726,0.6592233714004775
15,24,tensor(815.5303),tensor(147.1643),36.83026047206702,1.5545582912297646
15,25,tensor(815.3293),tensor(145.6372),38.37052983241636,1.5402693603493396
15,26,tensor(814.9078),tensor(143.5374),40.51221097588521,2.14168114346885
15,27,tensor(814.5113),tensor(140.1972),43.87582460403952,3.36361362815431
15,28,tensor(814.2446),tensor(137.2663),46.81889946152102,2.9430748574814998
15,29,tensor(813.6270),tensor(136.8143),47.58422333802728,0.7653238765062575
15,30,tensor(813.3849),tensor(136.4881),47.990453902149746,0.40623056412246417
15,31,tensor(813.3448),tensor(135.9843),48.495887505154954,0.5054336030052053
15,32,tensor(813.2100),tensor(132.7731),51.70991360260584,3.214026097450887
15,33,tensor(812.9132),tensor(131.5672),52.95179185855119,1.2418782559453485
16,1,tensor(399.0299),tensor(277.2425),4.385990332122002,4.385990332122002
16,2,tensor(399.6656),tensor(278.6881),5.96525181393257,1.5792614818105677
16,3,tensor(400.3659),tensor(278.8085),6.675782002555597,0.7105301886230281
16,4,tensor(401.0449),tensor(278.3929),7.47188286474424,0.7961008621886426
16,5,tensor(401.5149),tensor(278.1552),7.998573898447174,0.526691033702934
16,6,tensor(401.7238),tensor(277.9688),8.27847777777165,0.2799038793244756
16,7,tensor(401.4728),tensor(276.9058),9.370708325103202,1.0922305473315521
16,8,tensor(401.2603),tensor(277.0637),9.635451129623771,0.26474280452056925
16,9,tensor(401.1782),tensor(279.5480),12.121182065165101,2.48573093554133
16,10,tensor(400.9998),tensor(282.7230),15.301149550270125,3.1799674851050246
16,11,tensor(400.9631),tensor(285.8458),18.42419787844519,3.1230483281750665
16,12,tensor(400.5233),tensor(287.9304),20.554638079784187,2.1304402013389963
16,13,tensor(400.2579),tensor(289.5702),22.215804684865653,1.6611666050814664
16,14,tensor(400.0715),tensor(291.0666),23.723730787965494,1.5079261030998405
16,15,tensor(399.8895),tensor(292.9451),25.611067315108684,1.8873365271431906
16,16,tensor(399.7318),tensor(293.8944),26.57341962328418,0.9623523081754921
16,17,tensor(399.4375),tensor(293.9648),26.87599811700109,0.30257849371690887
16,18,tensor(399.2382),tensor(293.3743),27.499280502803693,0.6232823858026028
16,19,tensor(399.1512),tensor(293.0849),27.80142497078551,0.30214446798181716
16,20,tensor(399.2460),tensor(292.8712),28.03528182507964,0.23385685429412786
16,21,tensor(399.7331),tensor(292.5292),28.630410620689112,0.595128795609472
16,22,tensor(400.6922),tensor(294.3558),30.693475824891102,2.0630652042019904
16,23,tensor(401.1806),tensor(296.8657),33.25046574075911,2.556989915868011
16,24,tensor(401.6365),tensor(299.2550),35.68292614179056,2.4324604010314514
16,25,tensor(402.0050),tensor(301.7796),38.2342105762344,2.5512844344438466
16,26,tensor(402.5294),tensor(303.9539),40.47090337009515,2.236692793860745
16,27,tensor(403.5399),tensor(307.4092),44.07090311320016,3.599999743105007
16,28,tensor(404.1223),tensor(308.8007),45.579339481764045,1.5084363685638835
16,29,tensor(404.3763),tensor(308.8763),45.84438506065389,0.26504557888984914
16,30,tensor(404.6870),tensor(308.5775),46.275447579014994,0.4310625183610994
16,31,tensor(404.9630),tensor(308.2293),46.71975244136555,0.44430486235055316
16,32,tensor(405.2035),tensor(307.3184),47.66194645784073,0.9421940164751893
16,33,tensor(405.0458),tensor(308.4891),48.8432595271588,1.1813130693180753
17,5,tensor(1256.9767),tensor(572.4390),10.115535983678575,10.115535983678575
17,6,tensor(1256.8860),tensor(572.0911),10.475064637519864,0.3595286538412898
17,7,tensor(1256.7461),tensor(565.3975),17.170129831959855,6.695065194439993
17,8,tensor(1256.6721),tensor(561.4466),21.121750031964627,3.951620200004772
17,9,tensor(1256.5728),tensor(559.4670),23.103795543836426,1.9820455118717994
17,10,tensor(1256.5823),tensor(558.2139),24.35700554306328,1.2532099992268535
17,11,tensor(1255.8293),tensor(557.2361),25.591089456997917,1.2340839139346371
17,12,tensor(1255.3022),tensor(556.5479),26.457979222033362,0.866889765035443
17,13,tensor(1255.3418),tensor(555.8521),27.154842234821444,0.6968630127880809
17,14,tensor(1255.2144),tensor(554.9904),28.025909649327204,0.8710674145057583
17,15,tensor(1253.5353),tensor(553.3735),30.356962179372786,2.3310525300455835
17,16,tensor(1251.2717),tensor(551.0059),33.63247256593466,3.2755103865618787
17,17,tensor(1248.8032),tensor(545.9988),39.214978462619854,5.582505896685194
17,18,tensor(1246.9009),tensor(539.6288),45.862966845292966,6.647988382673112
17,19,tensor(1245.3669),tensor(532.0801),53.565948174755114,7.702981329462147
17,20,tensor(1243.0980),tensor(526.6270),59.47232100225166,5.906372827496549
17,21,tensor(1241.1309),tensor(522.1401),64.37142827501772,4.899107272766061
17,22,tensor(1236.9009),tensor(518.2646),70.1083801895716,5.736951914553879
17,23,tensor(1232.6812),tensor(517.3438),74.42739875640355,4.319018566831946
17,24,tensor(1228.6991),tensor(517.1560),78.41388067605934,3.986481919655784
17,25,tensor(1225.7803),tensor(516.1660),81.49602437538482,3.08214369932549
17,26,tensor(1222.8127),tensor(515.8199),84.48367167076708,2.9876472953822595
17,27,tensor(1219.9617),tensor(515.5665),87.34598086731118,2.8623091965441034
17,28,tensor(1218.1449),tensor(513.0697),90.43382851695014,3.0878476496389626
17,29,tensor(1216.2870),tensor(508.9789),94.92672753805788,4.492899021107736
17,30,tensor(1214.9703),tensor(503.8612),100.21114905189745,5.284421513839571
17,31,tensor(1214.0613),tensor(502.0068),102.27635467916187,2.065205627264413
17,32,tensor(1212.9022),tensor(494.6515),109.72243354018313,7.446078861021266
17,33,tensor(1211.9294),tensor(490.2278),114.2517748741183,4.529341333935172
19,9,tensor(281.2797),tensor(445.9292),1.344633387646039,1.344633387646039
19,10,tensor(280.7395),tensor(445.2919),2.180134044700882,0.8355006570548428
19,11,tensor(280.3669),tensor(444.8729),2.7407746726667583,0.5606406279658763
19,12,tensor(279.8019),tensor(444.4286),3.4595479783528953,0.7187733056861368
19,13,tensor(279.5010),tensor(444.3364),3.774267054175448,0.31471907582255265
19,14,tensor(279.3901),tensor(444.1142),4.0226038269476545,0.24833677277220667
19,15,tensor(279.4036),tensor(443.5869),4.5500590461620085,0.5274552192143543
19,16,tensor(279.3863),tensor(442.4334),5.703691782365478,1.1536327362034688
19,17,tensor(278.9633),tensor(442.8403),6.290583629069933,0.5868918467044543
19,18,tensor(278.7433),tensor(442.8022),6.51392252089498,0.22333889182504632
19,19,tensor(278.5231),tensor(442.7547),6.7391029474778295,0.22518042658284962
19,20,tensor(278.1568),tensor(442.6756),7.113885229223437,0.37478228174560757
19,21,tensor(277.7786),tensor(442.5250),7.520944295955136,0.4070590667316989
19,22,tensor(276.2812),tensor(442.1940),9.054466434953255,1.5335221389981193
19,23,tensor(276.4098),tensor(441.8670),9.405790886126946,0.35132445117369016
19,24,tensor(276.4728),tensor(441.7778),9.515051197750154,0.10926031162321043
19,25,tensor(276.2495),tensor(441.6088),9.795131574316951,0.28008037656679746
19,26,tensor(276.3097),tensor(441.4906),9.927833924836598,0.13270235051964735
19,27,tensor(275.7239),tensor(441.4273),10.517028311230389,0.5891943863937902
19,28,tensor(275.2540),tensor(441.3564),10.992315787199995,0.47528747596960624
19,29,tensor(275.8666),tensor(441.5811),11.644871310607563,0.652555523407568
19,30,tensor(276.1122),tensor(441.7961),11.971301594657453,0.3264302840498895
19,31,tensor(276.5161),tensor(441.9349),12.398316016796661,0.4270144221392093
19,32,tensor(277.8710),tensor(442.1546),13.770991660511624,1.3726756437149616
19,33,tensor(278.6519),tensor(442.2268),14.555148585981259,0.7841569254696346
20,9,tensor(1155.1707),tensor(204.0426),0.17479527037843842,0.17479527037843842
20,10,tensor(1155.8019),tensor(203.8710),0.8289461464610002,0.6541508760825617
20,11,tensor(1157.2903),tensor(203.2932),2.425568380976311,1.596622234515311
20,12,tensor(1157.9548),tensor(203.3332),3.091321491217402,0.6657531102410911
20,13,tensor(1157.8896),tensor(205.3393),5.098514285818167,2.007192794600765
20,14,tensor(1158.1670),tensor(209.1218),8.891169693350559,3.7926554075323917
20,15,tensor(1158.1251),tensor(212.1739),11.943565640464417,3.052395947113858
20,16,tensor(1158.0079),tensor(214.5671),14.339621565209871,2.396055924745453
20,17,tensor(1158.2151),tensor(217.0958),16.8768246596018,2.5372030943919324
20,18,tensor(1158.3132),tensor(218.8319),18.615680590901935,1.7388559313001344
20,19,tensor(1159.0730),tensor(219.7495),19.806974937208743,1.191294346306807
20,20,tensor(1159.4451),tensor(219.7558),20.179099392443433,0.37212445523469134
20,21,tensor(1159.2966),tensor(219.9457),20.420126448299907,0.24102705585647458
20,22,tensor(1160.9553),tensor(219.9418),22.07882241832582,1.6586959700259134
20,23,tensor(1163.2960),tensor(218.9983),24.602526657157576,2.523704238831756
20,24,tensor(1164.6208),tensor(218.4124),26.05112024419457,1.448593587036996
20,25,tensor(1165.7506),tensor(219.1761),27.414792007859717,1.3636717636651436
20,26,tensor(1166.0883),tensor(222.0792),30.337376828259114,2.922584820399398
20,27,tensor(1166.7494),tensor(227.7991),36.09542870718244,5.758051878923328
20,28,tensor(1165.1282),tensor(230.3489),39.11696623857806,3.0215375313956168
20,29,tensor(1166.1144),tensor(232.1541),41.17399617604397,2.057029937465914
20,30,tensor(1168.7576),tensor(233.5699),44.17247149170061,2.998475315656639
20,31,tensor(1170.0408),tensor(235.1900),46.239205621007684,2.0667341293070756
20,32,tensor(1171.6614),tensor(236.2444),48.17265147840128,1.9334458573935922
20,33,tensor(1173.6846),tensor(237.6156),50.61668362355828,2.444032145157004
